CREATE TABLE CUSTOMER 
    (CUSTOMERID         NUMERIC(10) NOT NULL,
     NAME              	VARCHAR(20),
	 MAIL				VARCHAR(30),
	 ADDRESS			VARCHAR(30),
	 PHONE				VARCHAR(30),
	 BIRTHDATE			DATETIME,
  CONSTRAINT CUSTOMER_PRIMARY_KEY PRIMARY KEY (CUSTOMERID));

INSERT INTO CUSTOMER VALUES(10, 	'Antal Aladár', 	'email1@email.com', 	'1001 Home street 1', 	'0650-105-7941', '27-MAR-1997');
INSERT INTO CUSTOMER VALUES(11, 	'Bánfalvi Boldi', 	'email2@email.com', 	'1001 Home street 2', 	'0650-105-7942', '27-APR-1997');
INSERT INTO CUSTOMER VALUES(12, 	'Cirogató Cintia', 	'email3@email.com', 	'1001 Home street 3', 	'0650-105-7943', '27-MAY-1997');
INSERT INTO CUSTOMER VALUES(13, 	'Dínom Dánom', 		'email4@email.com', 	'1001 Home street 4', 	'0650-105-7944', '27-MAR-2005');
INSERT INTO CUSTOMER VALUES(14, 	'Eréjes Elemér', 	'email5@email.com', 	'1001 Home street 5', 	'0650-105-7945', '10-MAR-1993');
INSERT INTO CUSTOMER VALUES(15, 	'Ferenc József', 	'email6@email.com', 	'1001 Home street 6', 	'0650-105-7946', '27-MAR-1992');
INSERT INTO CUSTOMER VALUES(16, 	'Günther Gránát', 	'email7@email.com', 	'1001 Home street 7', 	'0650-105-7947', '20-MAR-1900');

CREATE TABLE PRODUCT 
    (BARCODE				NUMERIC(10) NOT NULL,
     NAME					VARCHAR(30),
     BRAND					VARCHAR(20),
	 PRICE					NUMERIC(10) NOT NULL,
	 STOCK					NUMERIC(10),
	 STATUS                 VARCHAR(10),

  CONSTRAINT PRODUCT_PRIMARY_KEY PRIMARY KEY (BARCODE));
 

INSERT INTO PRODUCT VALUES (20,	'HOLE DIGGER 2000',			'BRAND1', 	101, 	3, 	'NEW');
INSERT INTO PRODUCT VALUES (21,	'STATIC ROD 1',				'BRAND1', 	102, 	4, 	'NEW');
INSERT INTO PRODUCT VALUES (22,	'STICK OF JUSTICE',			'BRAND1', 	103, 	5, 	'NEW');
INSERT INTO PRODUCT VALUES (23,	'FUCKMASTER PRO 5000',		'BRAND2', 	104, 	6, 	'USED');
INSERT INTO PRODUCT VALUES (24,	'HELPING HAND',				'BRAND2', 	105, 	7, 	'USED');
INSERT INTO PRODUCT VALUES (25,	'CRÉME DE LA MEOW MEOW',	'BRAND3', 	106, 	8, 	'USED');
INSERT INTO PRODUCT VALUES (26,	'TINY TIM',					'BRAND4', 	107, 	9, 	'NEW');
INSERT INTO PRODUCT VALUES (27,	'PUSSY WITH MOANER',		'BRAND5', 	108, 	9, 	'USED');

CREATE TABLE REVIEW
    (REVIEWID				NUMERIC(10) NOT NULL,
	 CUSTOMERID				NUMERIC(10) NOT NULL,
	 BARCODE				NUMERIC(10) NOT NULL,
     TITLE					VARCHAR(30),
     MESSAGE				VARCHAR(200),
     CREATED                DATETIME,
     RATING					NUMERIC(10),
  CONSTRAINT REVIEW_PRIMARY_KEY PRIMARY KEY (REVIEWID),
  CONSTRAINT REVIEW_FOREIGN_KEY_CUS FOREIGN KEY (CUSTOMERID) REFERENCES CUSTOMER (CUSTOMERID));

INSERT INTO REVIEW VALUES (30,	10, 23, 'CHANGED MY LIFE',				'ITS BETTER',							'01-APR-2019',		9);
INSERT INTO REVIEW VALUES (31,	13, 27, 'GUD',							'ITS JUST GUD',							'01-APR-2019',		8);
INSERT INTO REVIEW VALUES (32,	13, 24, 'PRICEY',						'I ALREADY HAVE ONE',					'01-APR-2019',		3);
INSERT INTO REVIEW VALUES (33,	14, 25, 'BEST GIFT FOR MOTHERS DAYS',	'ALTOUGH I AM A SINGLE FATHER OF FIVE',	'05-APR-2019',		8);
INSERT INTO REVIEW VALUES (34,	11, 24, 'HANDY',						'ITS BETTER THAN MINE',					'02-APR-2019',		7);


CREATE TABLE PURCHASE 
    (PURCHASEID								NUMERIC(2) NOT NULL,
	 CUSTOMERID						NUMERIC(10) NOT NULL,
	 BARCODE						NUMERIC(10) NOT NULL,
     ORDERDATE						DATETIME,
	 MESSAGE						VARCHAR(200),
	 PRIVACY						VARCHAR(10),
  CONSTRAINT PURCHASE_PRIMARY_KEY PRIMARY KEY (PURCHASEID),
  CONSTRAINT PURCHASE_FOREIGN_KEY_CUS FOREIGN KEY (CUSTOMERID) REFERENCES CUSTOMER (CUSTOMERID),
  CONSTRAINT PURCHASE_FOREIGN_KEY_PROD FOREIGN KEY (BARCODE) REFERENCES PRODUCT (BARCODE));
  
  INSERT INTO PURCHASE VALUES(40, 10,	23,	'01-APR-2018',	'HIDE IT IN THE BACKYARD', 'PRIVATE');
  INSERT INTO PURCHASE VALUES(41, 13,	27,	'01-APR-2018',	'DONT TELL MY MUM', 'PRIVATE');
  INSERT INTO PURCHASE VALUES(42, 14,	24,	'01-APR-2018',	'PLEASE SEND A GIRL COURIER', 'PUBLIC');
  INSERT INTO PURCHASE VALUES(43, 11,	25,	'01-APR-2018',	'ITS NOT FOR ME ITS FOR MY BROTHER, BELIVE ME PLS', 'PRIVATE');
  INSERT INTO PURCHASE VALUES(44, 12,	24,	'01-APR-2018',	'I STUDY AT BME', 'PRIVATE');